feature,chi2,p_value,cramers_v,significant (p<0.05)
Contract,1184.6,5.863038300673391e-258,0.41,True
InternetService,732.3,9.571788222840544e-160,0.322,True
PaymentMethod,648.1,3.6823546520097993e-140,0.303,True
PaperlessBilling,258.3,4.073354668665985e-58,0.191,True
OnlineSecurity,205.6,1.2320984831180024e-46,0.171,True
TechSupport,190.2,2.9235674453140758e-43,0.164,True
Dependents,189.1,4.9249216612154196e-43,0.164,True
SeniorCitizen,159.4,1.510066805092378e-36,0.15,True
Partner,158.7,2.1399113440759935e-36,0.15,True
PhoneService,0.9,0.3387825358066928,0.011,False
gender,0.5,0.48657873605618596,0.008,False
